{"cameraMode":{"drawMode":0,"name":"Shaded","section":"Shading Mode"},"sceneLighting":false,"audioPlay":false,"sceneViewState":{"showFog":true,"showMaterialUpdate":false,"showSkybox":true,"showFlares":true,"showImageEffects":true,"showParticleSystems":true},"in2DMode":false,"pivot":{"x":0.9800000190734863,"y":0.4031592607498169,"z":1.7660000324249268},"rotation":{"x":0.2990364730358124,"y":-0.48484867811203005,"z":0.18083980679512025,"w":0.8017458915710449},"size":8.794010162353516,"orthographic":false}